{"branches": 90.15544041450777, "coverage": 84.18679549114331}