{"branches": 93.04812834224599, "coverage": 92.90928050052138}