{"branches": 59.883720930232556, "coverage": 58.253537230241534}