{"branches": 61.25654450261781, "coverage": 59.92366412213741}