{"branches": 61.578947368421055, "coverage": 60.01025378108178}