{"branches": 61.578947368421055, "coverage": 60.053585098239346}