{"branches": 61.25654450261781, "coverage": 59.90836197021764}