{"branches": 60.44568245125348, "coverage": 58.37904552934723}