{"branches": 61.578947368421055, "coverage": 59.92576475105593}