{"branches": 53.2608695652174, "coverage": 53.54358610914245}